100,Petronia,585.2
101,Marylou,59.5
102,Lucy,114.91
103,Jerry,936.91
104,Lucy,9.56
105,Jaclyn,436.61
106,Demetris,83.88
107,Dotty,408.3
108,Carmela,562.91
109,Rosaline,952.05
110,Blake,556.48
111,Susan,810.69
112,Violet,720.61
113,Bertine,279.11
114,Annaliese,116.22
115,Sidoney,473.69
116,Corly,655.11
117,Deedee,122.31
118,Lucy,795.52
119,Tiffie,557
120,Amara,60.25
121,Gwenneth,161.62
122,Alleen,18.55
123,Marline,114.42
124,Kristan,599.75
125,Gwenneth,18.8
126,Jessy,22.32
127,Hope,264.08
128,Courtnay,143.43
129,Brooks,338.24
130,Lexine,977.23
131,Roslyn,889.78
132,Lynea,125.22
133,Halette,708.39
134,Vere,787
135,Alia,383.08
136,Bertine,92.74
137,Ellette,910.39
138,Alia,9.91
139,Emmey,734.84
140,Stephanie,420.53
141,Selma,644.71
142,Mureil,628.24
143,Orsola,328.87
144,Annabela,229.04
145,Paule,21.74
146,Jacquetta,31.6
147,Jere,520.63
148,Orsola,661.6
149,Dione,229.47
150,Yolane,208.82
151,Molli,156.63
152,Adelle,550.75
153,Ermengarde,720.99
154,Dotty,314.95
155,Glynnis,703.84
156,Odessa,285.59
157,Paola,774.88
158,Larine,681.69
159,Sidoney,445.59
160,Queenie,374.6
161,Perry,715.29
162,Corry,841.77
163,Bill,918.8
164,Cecile,341.9
165,Katuscha,115.69
166,Deedee,693.62
167,Nollie,615.35
168,Zsa Zsa,317.62
169,Jorry,736.08
170,Marjie,873.66
171,Ofilia,3.9
172,Kirstin,147.37
173,Linet,694.21
174,Cindelyn,29.72
175,Courtnay,411.68
176,Madalyn,11.67
177,Aubrie,651.8
178,Sandie,488.81
179,Roseline,947.49
180,Estell,880.07
181,Ricky,829.61
182,Diena,314.22
183,Cyndie,7.81
184,Doralynne,892.9
185,Dulce,35.15
186,Candi,505.06
187,Dania,706.59
188,Elie,567.2
189,Marylou,336.89
190,Ashlee,156.98
191,Carlie,703.84
192,Ronna,208.01
193,Janeczka,458
194,Elie,49.69
195,Gwenneth,383.34
196,Daryl,330.54
197,Bibby,479.86
198,Dione,433.39
199,Kassey,208.26
200,Harmonia,434.98
201,Ellette,5.63
202,Fernande,36.97
203,Lyssa,215.48
204,Andeee,674.02
205,Jennica,164.05
206,Benita,983.55
207,Heida,721.64
208,Quintina,630.69
209,Jasmina,54.12
210,Kimmy,101.05
211,Maryellen,223.61
212,Allyce,817.74
213,Kirstin,292.56
214,Lolita,157.3
215,Aurelie,200.13
216,Helena,36.94
217,Ketti,501.22
218,Kylynn,269.86
219,Kayla,497.19
220,Donetta,939.35
221,Cassandra,537.53
222,Gabi,530.41
223,Hayley,485.44
224,Arabel,425.08
225,Amalie,778.61
226,Nariko,824.21
227,Clementine,441.36
228,Elka,617.72
229,Brena,631
230,Hettie,274.25
231,Farrah,719.05
232,Max,785.4
233,Lory,61.6
234,Carree,859.78
235,Gerianna,481.67
236,Jillayne,912.7
237,Karina,37.16
238,Harmonia,623.33
239,Annabela,513.45
240,Tani,109.36
241,Mamie,923.56
242,Alyda,28.38
243,Lorie,800.92
244,Marsiella,941.44
245,Mureil,60.64
246,Shell,697.44
247,Paola,79.31
248,Aili,726.79
249,Willetta,572.07
250,Mariann,429.47
251,Aeriela,194.61
252,Wendi,98.21
253,Kary,67.81
254,Jean,519.23
255,Jinny,22.48
256,Angela,484.44
257,Audrie,120.78
258,Rosanne,773.02
259,Gertrud,48.51
260,Anica,437.93
261,Taffy,998.06
262,Lacie,516.54
263,Tobe,617.02
264,Caressa,102.91
265,Dominga,96.66
266,Chastity,913.96
267,Sonni,135.31
268,Stacey,637.89
269,Eve,800.51
270,Dominga,271.62
271,Althea,215.71
272,Cindelyn,515.51
273,Lynde,968.88
274,Lesly,627.49
275,Dale,972.92
276,Tamqrah,743.1
277,Rori,72.06
278,Carlie,154.52
279,Raquela,528.95
280,Aeriela,793.81
281,Shirlee,857.83
282,Tiffie,53.89
283,Sharlene,267.54
284,Maurene,360.19
285,Orelia,591.01
286,Lorie,434.97
287,Gusella,378.46
288,Jackie,828.25
289,Lelah,647.91
290,Wileen,775.03
291,Genevra,420.12
292,Ericka,961.34
293,Babita,932.97
294,Rhoda,839.91
295,Pamella,739.11
296,Ayn,221.61
297,Mildrid,880.36
298,Madalyn,85.85
299,Eve,765.89
300,Bobinette,571.46
301,Mignon,271.03
302,Iseabal,55.45
303,Rhoda,870.13
304,Petronia,58.62
305,Meriel,537.3
306,Agathe,668.85
307,Ermengarde,668.96
308,Antonietta,637.08
309,Joy,837.23
310,Shel,808.6
311,Viviene,721.5
312,Helsa,942.07
313,Benita,886.27
314,Annora,487.36
315,Tami,441.85
316,Siana,565.04
317,Correy,51.24
318,Oralee,576.48
319,Lauryn,802.66
320,Albertina,173.63
321,Queenie,33.54
322,Dotty,179.92
323,Glenda,386.83
324,Jessamyn,807.03
325,Andree,560.54
326,Addia,542.5
327,Ileana,285.99
328,Tilly,44.82
329,Genevra,377.37
330,Kaia,914.51
331,Edyth,139.33
332,Chere,446.29
333,Madalyn,177
334,Cathie,16.3
335,Kaia,850.65
336,Jasmina,30.4
337,Marika,730.7
338,Elena,698.47
339,Deane,439.32
340,Steffane,945.52
341,Gusty,228.53
342,Mignon,746.31
343,Jillayne,902.88
344,Phedra,793.47
345,Ericka,397.72
346,Myrtice,138.57
347,Nicoli,80.25
348,Blake,87.79
349,Daune,14.65
350,Phedra,627.57
351,Wilma,745.71
352,Courtnay,274.69
353,Marcy,653.56
354,Lelah,204.44
355,Elfreda,13.99
356,Jacquetta,154.67
357,Clary,623.95
358,Dode,114.01
359,Jinny,664.23
360,Johna,324.34
361,Reeba,680.02
362,Ellette,847.7
363,Chastity,903.54
364,Collen,530.01
365,Merle,345.81
366,Pearline,929.24
367,Gerrie,632.45
368,Carmencita,727.11
369,Felice,545.68
370,Selma,483.3
371,Yetty,185.22
372,Patricia,930.72
373,Cecile,863.06
374,Amara,943.73
375,Fayre,285.01
376,Jessamyn,421.35
377,Danny,990.94
378,Dorene,381.21
379,Kore,48.67
380,Anallese,249.3
381,Julieta,287.05
382,Jinny,983.52
383,Philis,973.5
384,Candi,701.31
385,Sarette,291.28
386,Mireielle,570.19
387,Leeanne,870.11
388,Carolina,391.9
389,Carilyn,811.83
390,Mildrid,726.79
391,Adriana,211.52
392,Kalina,743.71
393,Brana,753.52
394,Gratia,331.39
395,Adriana,647.91
396,Annaliese,283.3
397,Celene,610.91
398,Jaclyn,311.73
399,Tami,654.91
400,Christian,245.07
401,Joceline,558.21
402,Raquela,80.55
403,Sharai,293.89
404,Dania,49.77
405,Dolli,774.64
406,Lynnea,895.01
407,Lilith,310.6
408,Eolanda,499.7
409,Jany,678.11
410,Wendi,993.96
411,Nanete,621.69
412,Ana,25.32
413,Gilda,562.26
414,Chrystel,899.48
415,Queenie,731.24
416,Viki,478.05
417,Kirbee,498.66
418,Althea,111.81
419,Jenda,17.29
420,Aimil,85.19
421,Mellicent,328.67
422,Malina,203.24
423,Antonietta,140.38
424,Elsie,241.01
425,Nicoli,802.85
426,Amii,874.44
427,Mallory,23.02
428,Merry,86.62
429,Ayn,770.32
430,Yvonne,962.99
431,Charlena,121.63
432,Nonnah,935.29
433,Hallie,667.92
434,Ebonee,473.82
435,Jasmina,709.26
436,Claresta,29.54
437,Maurene,337.15
438,Cam,796.16
439,Meghann,836.69
440,Wynne,962.64
441,Wendi,648.9
442,Gianina,640.49
443,Anallese,686.13
444,Sara-Ann,237.39
445,Ericka,320.97
446,Damaris,197.15
447,Jessamyn,261.81
448,Talya,201.03
449,Elbertina,304.81
450,Gabriellia,523.99
451,Cristabel,105.56
452,Heddie,32.25
453,Jere,258.81
454,Magdalena,266.58
455,Madalyn,184.67
456,Monika,305.36
457,Aaren,852.43
458,Louella,741.85
459,Tomasina,742.71
460,Gale,717.36
461,Marline,144.57
462,Arlina,950.44
463,Chrystel,887.55
464,Margalo,877.57
465,Sam,974.68
466,Ana,801
467,Ebonee,487.5
468,Kary,699.02
469,Ivett,153.14
470,Lenna,871.07
471,Vanessa,139.54
472,Tami,524.5
473,Beatriz,671.92
474,Feliza,640.03
475,Linzy,529.34
476,Rivalee,370.71
477,Kenna,68.76
478,Concettina,104.55
479,Bertine,798.36
480,Gratia,459.96
481,Donetta,350.84
482,Annice,589.85
483,Jacenta,444.04
484,Modestia,871.15
485,Jenilee,145.58
486,Agathe,906.85
487,Sidoney,370.75
488,Alyda,859.27
489,Corly,245.93
490,Isa,475.57
491,Dede,143.35
492,Evaleen,506.08
493,Gwyneth,962.4
494,Lanae,351.63
495,Melisent,893.24
496,Sherrie,977.85
497,Robinia,10.8
498,Clo,33.83
499,Ashlee,878.48
500,Orelia,531.17
501,Krystle,900.13
502,Maryellen,359.23
503,Phedra,166.99
504,Mireielle,810.67
505,Christy,625.05
506,Kirbee,475.3
507,Verla,862.11
508,Drucie,110.72
509,Mathilda,423.65
510,Dominga,404.55
511,Fredericka,269.59
512,Constance,370.01
513,Eugine,793.68
514,Hayley,727.96
515,Aubrie,82.88
516,Deloria,506.45
517,Anica,303.21
518,Dione,619.31
519,Fina,993.2
520,Korrie,537.18
521,Demetris,684.52
522,Marleah,489.94
523,Eolanda,695.79
524,Kylynn,921.64
525,Amelia,857.56
526,Gloria,40.05
527,Babita,505.91
528,Pamella,230.38
529,Veda,562.38
530,Sibella,354.25
531,Xylina,544.08
532,Eve,126.55
533,Lorne,341.28
534,Coral,587.33
535,Dulcinea,234.94
536,Gabi,583.79
537,Merry,291.99
538,Jacenta,58.65
539,Lynea,58.13
540,Elmira,767.53
541,Alie,475.47
542,Brena,284.13
543,Lily,511.09
544,Barbara,348.06
545,Vevay,999.04
546,Binny,880.81
547,June,981.57
548,Blondelle,98.7
549,Jan,102.68
550,Lanna,675.3
551,Grier,6.08
552,Chickie,916.89
553,Kellen,665.08
554,Keelia,862.05
555,Oralee,129.95
556,Karena,928.15
557,Kimberley,475.3
558,Gerianna,311.83
559,Lily,294.6
560,Elyssa,931.78
561,Emmey,703.17
562,Myriam,871.71
563,Aaren,545.63
564,Louella,160.56
565,Marti,580.11
566,Cam,903.31
567,Kenna,295.25
568,Nananne,98.02
569,Agnese,468.26
570,Carly,990.69
571,Dode,928.34
572,Myrtice,736.85
573,Nickie,974.23
574,Katuscha,33.5
575,Rosene,536.11
576,Hollie,423.53
577,Sheelagh,882.83
578,Elbertina,644.3
579,Chickie,226.16
580,Mildrid,757.38
581,Lacie,852.07
582,Maud,792.74
583,Adelle,820.8
584,Selia,470.81
585,Tabbatha,720.51
586,Sue,586.29
587,Beverley,959.86
588,Lelah,144.16
589,Reeba,212.61
590,Shirlee,793.79
591,Madeleine,785.16
592,Michaelina,19.89
593,Justinn,980.62
594,Michaelina,397.49
595,Rebeca,637.49
596,Estell,807.82
597,Nariko,103.88
598,Fina,698.43
599,Belva,16.55
600,Ira,150.06
601,Susette,152.72
602,Glynnis,435.2
603,Mathilda,688.84
604,Celisse,232.87
605,Merci,518.21
606,Barbara,340.78
607,Cissiee,574.41
608,Corly,247.33
609,Therine,213.48
610,Elbertina,153.18
611,Christy,542.91
612,Magdalena,413.05
613,Etta,288.36
614,Marleah,885.26
615,Emilia,635.58
616,Beatriz,674.12
617,Christy,205.69
618,Gusella,40.48
619,Brooks,97.55
620,Renae,443.13
621,Quintina,17.66
622,Brana,13.69
623,Elmira,333.94
624,Vonny,15.53
625,Tierney,349.54
626,Meriel,958.72
627,Maud,76.71
628,Steffane,64.96
629,Vita,981.78
630,Gabriellia,674.8
631,Allis,355.74
632,Viviene,115.86
633,Katleen,971.81
634,Kalina,442.12
635,Fredericka,763.43
636,Kristan,981.83
637,Annora,340.53
638,Rori,902.25
639,Etta,380.25
640,Gilligan,542.38
641,Sissy,758.52
642,Lusa,875.17
643,Shannah,740.06
644,Sherrie,175.94
645,Anallese,540.54
646,Angelique,538.04
647,Madelle,353.62
648,Ashlee,794.84
649,Jeanna,640.09
650,Cristine,872.91
651,Rivalee,1.61
652,Corry,377.06
653,Maryellen,751.13
654,Kathi,692.61
655,Joelly,71.07
656,Roseline,962.34
657,Kylynn,430.23
658,Lorne,887.43
659,Mureil,436.07
660,Constance,439.28
661,Sabina,297.71
662,Krystle,101.65
663,Elise,421.23
664,Raf,390.39
665,Nollie,282.27
666,Keelia,380.51
667,Johna,400.69
668,Edith,601.25
669,Lory,578.77
670,Jean,138.04
671,Gerrie,932.96
672,Antonietta,133.9
673,Fred,508.13
674,Christian,139.25
675,Silvana,699.05
676,Cyndie,713.16
677,Eugine,507.72
678,Danika,262.66
679,Lynde,182.65
680,Sheree,475.31
681,Tori,932.63
682,Talya,910.31
683,Margarette,302.94
684,Natka,43.02
685,Gaylene,899.69
686,Addia,814.79
687,Tarra,13.17
688,Konstance,585.76
689,Betta,779.56
690,Gwenneth,716.1
691,Aurore,819.8
692,Edith,357.78
693,Jerry,218.39
694,Nannie,963.82
695,Codie,713.23
696,Edee,719.4
697,Agathe,971.23
698,Kalina,31.18
699,Constance,508.69
700,Addia,901.13
701,Dulce,665.8
702,Inga,86.29
703,Shandie,794.05
704,Jany,178.38
705,Arlina,253.59
706,Paulita,476.85
707,Glynnis,894.52
708,Jenilee,944.69
709,Deirdre,175.25
710,Johna,468.38
711,Inga,964.36
712,Sara-Ann,282.74
713,Ileana,573.63
714,Tybie,181.24
715,Selma,784.79
716,Nadine,512.72
717,Celestyna,766.92
718,Tilly,165.32
719,Cordi,781.47
720,Lauryn,712.99
721,Gerianna,272.84
722,Dennie,799.63
723,Sissy,728.86
724,Devina,761.06
725,Susan,330.62
726,Harmonia,89.44
727,Halette,944.68
728,Frank,809.07
729,Debee,399.26
730,Edee,78.76
731,Fayre,137.33
732,Natka,453.36
733,Shaylyn,362.26
734,Beth,929.92
735,Jobi,773.55
736,Micheline,620.14
737,Myrtice,20.79
738,Lila,471.76
739,Dawn,879.24
740,Tobe,111.52
741,Brena,960.8
742,Lelah,391.17
743,Patricia,930.01
744,Carlie,865.75
745,Mamie,748.49
746,Thalia,12.73
747,Sharlene,304.36
748,Grier,833.19
749,Sashenka,500.39
750,Kimberley,290.38
751,Mahalia,454.4
752,Rosanne,869.41
753,Janeczka,12.87
754,Anica,850.94
755,Calla,548.93
756,Mathilda,930.15
757,Mariann,757.23
758,Ira,148.07
759,Konstance,387.83
760,Camile,895.64
761,Alleen,385.63
762,Jeanna,612.34
763,Bill,47.92
764,Jessy,851.16
765,Dacia,993.15
766,Cassondra,674.23
767,Emelina,256.02
768,Evaleen,278.95
769,Lulita,385.2
770,Alie,448.89
771,Theodora,462.65
772,Zaria,879.46
773,Adele,156.91
774,Myrtice,613.2
775,Yvonne,742.68
776,Joleen,301.77
777,Kathy,443.93
778,Berget,60.32
779,Nikki,50.25
780,Debee,494.08
781,Marjie,204.96
782,Shannah,499.41
783,Shirlee,216.88
784,Alyssa,831.24
785,Leona,846.75
786,Deedee,268.55
787,Clary,72.71
788,Minne,575.07
789,Marti,677.15
790,Renae,926.33
791,Randa,129.75
792,Jorry,710.73
793,Morganica,827.21
794,Chastity,423.4
795,Kenna,472.11
796,Ashlee,850.23
797,Gui,113.09
798,Renae,476.14
799,Randa,899.39
800,Rosaline,796.17
801,Ardenia,291.53
802,Imojean,234.16
803,Agathe,215.76
804,Raquela,493.11
805,Ezmeralda,202.74
806,Elena,728.84
807,Jordan,691.4
808,Siana,405.24
809,Sheree,111.2
810,Aigneis,317.53
811,Renae,144.04
812,Quintina,11.03
813,Lauryn,26.48
814,Blake,118.94
815,Tybie,490.1
816,Maurene,587.44
817,Brietta,664.47
818,Celene,936.39
819,Dede,157.82
820,Lynnea,820.89
821,Alyssa,903.86
822,Ana,124.08
823,Jessy,357.95
824,Fawne,399.56
825,Selma,336.98
826,Anallese,290.58
827,Sallie,297.72
828,Annora,487.36
829,Deane,751.17
830,Claresta,193.07
831,Tera,360.74
832,Julieta,212.82
833,Edee,145.18
834,Katharina,457.36
835,Ileana,85.62
836,Vinita,366.42
837,Jean,257.42
838,Marika,437.98
839,Rori,439.33
840,Janenna,176.44
841,Carmencita,472.85
842,Genovera,613.96
843,Angelique,904.35
844,Alie,274.77
845,Mady,579.78
846,Marylou,305.08
847,Caressa,371.03
848,Benita,302.26
849,Meriel,430.94
850,Sashenka,358.75
851,Ricky,226.97
852,Perry,276.9
853,Sharai,784.84
854,Agnese,937.4
855,Karlee,601.82
856,Cindelyn,220.04
857,Nollie,409.31
858,Dacia,478.3
859,Nicoli,803.75
860,Sallie,814.25
861,Bobinette,517.16
862,Regina,569.8
863,Ivett,890.44
864,Kittie,54.66
865,Etta,880.08
866,Nita,263.91
867,Kary,13.8
868,Ingrid,945.83
869,Lenna,532.92
870,Kalina,541.2
871,Edyth,183.36
872,Moyna,41.82
873,Rosabelle,528.63
874,Daune,665.37
875,Robinia,743.98
876,Randa,940.01
877,Brana,648.92
878,Berget,523.8
879,Jinny,946.07
880,Tamqrah,16.93
881,Stephanie,480.71
882,Veda,692.41
883,Neila,431.27
884,Cathie,983.07
885,Livvyy,849.51
886,Nyssa,404.87
887,Lauryn,318.05
888,Carly,506.84
889,Fayre,441.42
890,Karlee,163.53
891,Ann-Marie,726.41
892,Selma,132
893,Jere,30.1
894,Harrietta,358.09
895,Edee,96.71
896,Phylis,378.22
897,Zia,179.57
898,Hayley,231.43
899,Ottilie,274.29
900,Courtnay,669.74
901,Diena,514.93
902,Ardys,476.07
903,Allis,249.86
904,Hollie,243.88
905,Amii,447.54
906,Moyna,720.7
907,Morganica,142.11
908,Ericka,582.08
909,Jan,942.65
910,Cacilie,901.32
911,Ana,563.34
912,Christy,134.48
913,Courtnay,618.51
914,Lilith,757.07
915,Lanna,379.59
916,Cacilie,237.18
917,Trixi,898.7
918,Brianna,629.59
919,Loree,99.13
920,Willetta,578.14
921,Jasmina,908.7
922,Winifred,106.49
923,Winny,359.28
924,Tersina,124.36
925,Chastity,102.01
926,Arlena,731.66
927,Amara,193.58
928,Amara,660.46
929,Jere,232.07
930,Ellette,523.9
931,Annecorinne,230.01
932,Ada,146.9
933,Jolyn,312.47
934,Mathilda,281.28
935,Evita,774.25
936,Bill,443.79
937,Alejandra,279.38
938,Jordan,746.51
939,Lucille,503.54
940,Dagmar,260.54
941,Ilse,933.92
942,Chandra,641.69
943,Aurore,556.8
944,Meriel,304.36
945,Petronia,891.03
946,Gertrud,584.69
947,Ernesta,833.87
948,Libbie,214.32
949,Natka,668.69
950,Phylis,95.35
951,Robbi,784.56
952,Ardenia,793.63
953,Dania,996.59
954,Devina,499.16
955,Elvira,320.97
956,Lynde,226.69
957,Benita,984.22
958,Selia,549.76
959,Lanna,759.05
960,Sheree,347.16
961,Elfreda,313.15
962,Jacquetta,499.09
963,Quintina,136.29
964,Rayna,660.1
965,Nickie,407.47
966,Dianemarie,714.52
967,Wilma,854.37
968,Codie,614.03
969,Celestyna,835.61
970,Vonny,353.45
971,Claudina,712.05
972,Kore,662.01
973,Nonnah,106.51
974,Lacie,548.63
975,Coral,121.88
976,Shannah,294.92
977,Lyssa,500.85
978,Riannon,315.18
979,Shannah,605.27
980,Madeleine,702.98
981,Daryl,110.02
982,Silvana,358.47
983,Sherrie,436.01
984,Myriam,437.07
985,Lyssa,108.37
986,Emilia,239.53
987,Talya,290.41
988,Stacey,565.07
989,Kellen,231.04
990,Philis,371.77
991,Sissy,759.09
992,Mariann,930.44
993,Celestyna,32.46
994,Gerrie,2.02
995,Atlanta,772.04
996,Tobe,163.07
997,Elfreda,960.7
998,Janis,38.76
999,Clementine,551.75
1000,Lindie,39.01
1001,Deedee,612.91
1002,Maisey,383.88
1003,Ofilia,291.16
1004,Lisette,896.81
1005,Cathyleen,518.89
1006,Gloria,243.77
1007,Janenna,770.89
1008,Jeanna,753.98
1009,Karlee,235.69
1010,Viki,105.77
1011,Minda,70.76
1012,Gavrielle,469.28
1013,Anestassia,911.39
1014,Cherrita,898.65
1015,Daphne,377.09
1016,Annice,181.3
1017,Merle,104.14
1018,Ekaterina,907.82
1019,Ira,371.57
1020,Micheline,979.64
1021,Meghann,866.7
1022,Veda,612.63
1023,Romona,201.88
1024,Damaris,110.22
1025,Joy,989.62
1026,Sophia,702.72
1027,Beth,995.29
1028,Queenie,964.37
1029,Krystle,123.91
1030,Amelia,128.68
1031,Betta,868.7
1032,Mariann,448.63
1033,Winifred,73.26
1034,Katharina,966.73
1035,Goldie,566.8
1036,Dale,955.14
1037,Celene,570.53
1038,Hyacinthe,685.98
1039,Ninnetta,794.51
1040,Juliane,452.55
1041,Dione,422.06
1042,Felice,17.19
1043,Ginnie,691.47
1044,Emmey,444.23
1045,Constance,628.11
1046,Marsiella,666.44
1047,Katuscha,531.47
1048,Althea,201.76
1049,Viviene,296.37
1050,Wileen,787.48
1051,Cassondra,327.91
1052,Marcelline,272.05
1053,Amalie,835.2
1054,Althea,265.73
1055,Jany,575.14
1056,Ada,574.39
1057,Ayn,490.82
1058,Nadine,29.69
1059,Maud,475.33
1060,Chrystel,978.47
1061,Nikki,768.25
1062,Jerry,141.62
1063,Wendi,954.76
1064,Drucie,788.81
1065,Ermengarde,892.53
1066,Gerianna,287.44
1067,Ketti,893.43
1068,Isa,440.45
1069,Chandra,926.69
1070,Gilligan,779.03
1071,Cecile,750.27
1072,Dyann,730.59
1073,Jere,38.7
1074,Danny,973.75
1075,Annice,482.23
1076,Justinn,140.02
1077,Beatriz,899.43
1078,Sybille,47.11
1079,Gavrielle,493.12
1080,Tami,938.85
1081,Feliza,808.96
1082,Diena,328.85
1083,Carmencita,138.51
1084,Leia,488.25
1085,Alex,825.67
1086,Nonnah,127.58
1087,Modestia,85.4
1088,Florie,103.26
1089,Gisela,219.7
1090,Agathe,219.18
1091,Nananne,311.52
1092,Bernie,473.47
1093,Vevay,408.24
1094,Lisette,846.77
1095,Sybille,705.11
1096,Jillayne,493.5
1097,Lonnie,159.24
1098,Malina,494.93
1099,Barbi,233.32
1100,Robinia,171.53
1101,Asia,685.14
1102,Maisey,649.88
1103,Kaia,184.66
1104,Eugine,373.14
1105,Alleen,578.55
1106,Valera,128.45
1107,Nataline,402.67
1108,Ayn,656.77
1109,Madelle,931.2
1110,Rosaline,541.99
1111,Donnie,611.61
1112,Livvyy,656.44
1113,Miquela,319.69
1114,Suzette,958.1
1115,Deloria,698.57
1116,Betta,186.32
1117,Marylou,467.06
1118,Corry,11.85
1119,Dominga,4.71
1120,Lelah,869.78
1121,Mignon,541.87
1122,Rubie,733.83
1123,Meriel,814.52
1124,Alyssa,494.71
1125,Celene,486.31
1126,Morganica,37.37
1127,Tina,767
1128,Evaleen,398.99
1129,Tobe,661
1130,Renae,691.27
1131,Tiffie,995.69
1132,Brandise,283.28
1133,Christian,646.66
1134,Doro,367.92
1135,Mara,326.03
1136,Zondra,413.04
1137,Suzette,935.79
1138,Hildegaard,279.63
1139,Mureil,581.16
1140,Doralynne,745.91
1141,Stacey,838.46
1142,Miquela,851.97
1143,Ariela,48.79
1144,Sue,994.57
1145,Dominga,939.93
1146,Drucie,879.05
1147,Corina,741.09
1148,Layla,571.75
1149,Gavrielle,316.26
1150,Sue,433.59
1151,Petronia,72.25
1152,Max,423.11
1153,Elsie,229.46
1154,Margarette,585.92
1155,Edith,444.53
1156,Corly,490.45
1157,Mariann,28.8
1158,Clementine,447.55
1159,Miquela,863.51
1160,Dawn,215.51
1161,Barbara,37.95
1162,Patricia,376.74
1163,Kate,401.63
1164,Julieta,927.86
1165,Aaren,526.3
1166,Rosanne,663.09
1167,Blinni,722.75
1168,Roslyn,762.18
1169,Valera,428.34
1170,Margette,693.15
1171,Rosene,971.67
1172,Janey,393.56
1173,Daune,398.4
1174,Genevra,317.19
1175,Shell,71.95
1176,Dulcinea,464.82
1177,Romona,20.43
1178,Alia,590.05
1179,Eolanda,369.75
1180,Merci,334.07
1181,Agnese,706.57
1182,Tobe,370.51
1183,Gaylene,12.53
1184,Annaliese,639.93
1185,Aubrie,406.19
1186,Tierney,681.68
1187,Rosabelle,70.77
1188,Lynde,319.87
1189,Lynnea,865.81
1190,Maridel,202.09
1191,Elora,961.51
1192,Celisse,293.6
1193,Lorne,340.38
1194,Mureil,463.15
1195,Laurene,463.44
1196,Gale,702.72
1197,Marsiella,909.81
1198,Danny,268.38
1199,Starla,96.59
1200,Kirbee,520.57
1201,Alyda,966.52
1202,Concettina,237.08
1203,Agnese,688.2
1204,Dulcinea,998.67
1205,Gilda,234.35
1206,Alyda,688.59
1207,Kalina,541.99
1208,Lynnea,659
1209,Jan,916.55
1210,Jobi,731.34
1211,Kial,359.98
1212,Nessie,485.24
1213,Ernesta,678.84
1214,Bertine,384.87
1215,Joeann,143.44
1216,Marleah,461.09
1217,Devina,460.32
1218,Rhea,858.51
1219,Sean,523.39
1220,Yetty,262.25
1221,Valera,645.05
1222,Gwyneth,147.46
1223,Mildrid,137.07
1224,Alyssa,173.16
1225,Belinda,856.85
1226,Millie,317.55
1227,Alex,909.45
1228,Cyb,340.45
1229,Lanae,512.59
1230,Marcy,599.9
1231,Adore,875.92
1232,Clementine,50.54
1233,Lynnea,418.98
1234,Violet,487.88
1235,Grier,657.58
1236,Kerrin,461.88
1237,Dorice,707.23
1238,Alejandra,751.14
1239,Leia,750
1240,Katuscha,778.49
1241,Magdalena,22.03
1242,Cathyleen,726.03
1243,Raquela,267.05
1244,Kirstin,638.13
1245,Halette,239.83
1246,Desirae,142.65
1247,Eolanda,814.77
1248,Brandise,368.44
1249,Zondra,96.86
1250,Devina,374.56
1251,Jinny,625.38
1252,Madeleine,3.82
1253,Julieta,474
1254,Beth,160.33
1255,Ursulina,65.53
1256,Vere,622.02
1257,Demetris,979.74
1258,Ana,927.93
1259,Adelle,281.05
1260,Laure,492.11
1261,Karena,10.92
1262,Jackie,468.03
1263,Leeanne,437.61
1264,Karlee,980.91
1265,Vonny,633.42
1266,Charissa,115.78
1267,Rosaline,447.4
1268,Arabel,632.22
1269,Shannah,439.01
1270,Danny,440.74
1271,Rivalee,590.73
1272,Merrie,239.79
1273,Genovera,250.53
1274,Celisse,731.01
1275,Veda,883.56
1276,Verla,367.23
1277,Kittie,723.01
1278,Kenna,467.05
1279,Jorry,508.39
1280,Chloris,431.13
1281,Tomasina,584.15
1282,Cassondra,587.01
1283,Mureil,938.8
1284,Lanae,369.73
1285,Lusa,241.72
1286,Juliane,703.54
1287,Linet,873.06
1288,Lilith,998.26
1289,Candy,357.98
1290,Philis,654.44
1291,Kenna,958.02
1292,Anthia,112.5
1293,Johna,129.34
1294,Gale,944.23
1295,Aeriela,445.66
1296,Margalo,276.37
1297,Raquela,530.79
1298,Lynnea,326.06
1299,Alejandra,11.01
1300,Lulita,569.09
1301,Kathi,720.76
1302,Frank,166.45
1303,Karena,820.94
1304,Alie,323.48
1305,Hannis,164.71
1306,Laure,408.15
1307,Ernesta,60.62
1308,Kayla,956.82
1309,Lynnea,833.65
1310,Adriana,554.53
1311,Frances,220.15
1312,Allyce,443.22
1313,Dorene,115.02
1314,Bobbi,120.73
1315,Frieda,856.11
1316,Julieta,669.62
1317,Brana,196.92
1318,Shirlee,508.6
1319,Charlena,181.59
1320,Doralynne,682.41
1321,Jemie,843.87
1322,Hollie,428.48
1323,Trudie,548.91
1324,Moyna,100.94
1325,Bobinette,590.55
1326,Ann-Marie,148.66
1327,Natka,538.24
1328,Frieda,991.4
1329,Theodora,39.09
1330,Raf,186.08
1331,Britni,904.08
1332,Brooks,465.75
1333,Donetta,933.05
1334,Dorene,189.58
1335,Andeee,311.7
1336,Christal,847.26
1337,Flory,641.44
1338,Aurelie,709.24
1339,Andree,742.35
1340,Ashlee,299.98
1341,Lulita,41.51
1342,Lonnie,976.87
1343,Ethel,629.79
1344,Linzy,762.52
1345,Sissy,548.19
1346,Patricia,162.11
1347,Nikki,501.74
1348,Anallese,157.06
1349,Frieda,722.62
1350,Trudie,179.58
1351,Kimberley,973.71
1352,Sallie,649.31
1353,Marika,48.33
1354,Nataline,370.95
1355,Damaris,918.52
1356,Britni,372.15
1357,Caryl,308.91
1358,Almeta,137.82
1359,Tilly,821.93
1360,Sandie,351.37
1361,Theodora,968.19
1362,Leia,190.94
1363,Agathe,102.68
1364,Laure,813.44
1365,Hyacinthe,430.3
1366,Joelly,685.92
1367,Fredericka,436.47
1368,Paola,263.67
1369,Clary,893.97
1370,Aimil,246.17
1371,Abbie,172.79
1372,Claudina,461.58
1373,Giustina,208.46
1374,Marita,599.79
1375,Agnese,970.94
1376,Beverley,665.18
1377,Diena,708.4
1378,Latisha,818.69
1379,Vivia,478.67
1380,Roberta,402
1381,Arabel,448.34
1382,Sibella,835.69
1383,Madalyn,759.8
1384,Trixi,346.4
1385,Michaelina,858.67
1386,Misha,672.68
1387,Basia,254.23
1388,Coral,92.85
1389,Mignon,111.79
1390,Quintina,70.83
1391,Dale,38.84
1392,Suzette,782.45
1393,Mildrid,275.64
1394,Starla,283.01
1395,Amii,21.98
1396,Mathilda,366.92
1397,Alejandra,569.6
1398,Roberta,295.57
1399,Melodie,560.5
1400,Marti,277.85
1401,Amalie,792.26
1402,Monika,826.89
1403,Margalo,65.84
1404,Josephine,194.14
1405,Ezmeralda,956.84
1406,Cecile,333.65
1407,Gertrud,109.21
1408,Beth,482.58
1409,Dolli,182.64
1410,Sandie,974.2
1411,Doralynne,974.97
1412,Louella,326.9
1413,Sean,493.2
1414,Bee,53.37
1415,Myriam,331.54
1416,Joceline,865.69
1417,Elyssa,609.05
1418,Molli,979.77
1419,Lucille,895.52
1420,Frieda,747.65
1421,Ira,151.07
1422,Latisha,85.9
1423,Carilyn,319.97
1424,Celestyna,550.36
1425,Averyl,816.19
1426,Kamilah,194.73
1427,Shaylyn,896.21
1428,Elbertina,304.21
1429,Laurene,928.58
1430,Gwenneth,242.79
1431,Maye,356.93
1432,Celisse,556.84
1433,Phedra,79.75
1434,Evita,213.98
1435,Jsandye,417.67
1436,Antonietta,447.73
1437,Dari,645.06
1438,Stacey,9.66
1439,Marcelline,567.24
1440,Amalie,645.06
1441,Fina,164.78
1442,Cacilie,93.68
1443,Sandie,348.72
1444,Melanie,823.53
1445,Lorie,494.05
1446,Madeleine,864.85
1447,Johna,236.45
1448,Shandie,128.38
1449,Britni,650.26
1450,Marita,947.71
1451,Cherrita,909
1452,Dari,684.61
1453,Janeczka,608.87
1454,Augustine,581.41
1455,Dulce,890.97
1456,Rani,994.99
1457,Ilse,161.26
1458,Gwenneth,881.55
1459,Tonia,530.19
1460,Renae,160.06
1461,Iseabal,69.12
1462,Ursulina,432.56
1463,Aigneis,627.75
1464,Penelopa,842.85
1465,Ekaterina,922.09
1466,Orelia,29.89
1467,Tersina,167.51
1468,Brynna,283.01
1469,Ketti,201.66
1470,Celene,70.2
1471,Aurore,992.41
1472,Lilith,609.68
1473,Jeanna,212.03
1474,Hettie,64.32
1475,Mamie,443.74
1476,Lonnie,63.04
1477,Aeriela,533.29
1478,Meghann,959.67
1479,Randa,239.11
1480,Dawn,281.89
1481,Henriette,208.81
1482,Amalie,174.5
1483,Selia,904.77
1484,Gertrud,433.76
1485,Mara,464.21
1486,Katuscha,630.48
1487,Corene,293.21
1488,Petronia,372.82
1489,Inga,375.61
1490,Lucille,142.66
1491,Jemie,507.95
1492,Rochette,6.8
1493,Aurore,893.45
1494,Molli,479.86
1495,Molli,386.72
1496,Lorenza,146.84
1497,Shandie,626.77
1498,Laure,711.67
1499,Katharina,505.58
1500,Anestassia,1.65
1501,Priscilla,247.31
1502,Cecile,790.31
1503,Brooks,411.13
1504,Vevay,73.69
1505,Laurene,536.39
1506,Lonnie,281.06
1507,Brooks,956.74
1508,Hermione,715.41
1509,Rochette,496.96
1510,Kristan,917.87
1511,Cherilyn,890.83
1512,Marline,433.75
1513,Ginnie,725.33
1514,Devina,644.73
1515,Meg,321.23
1516,Constance,176.55
1517,Misha,753.73
1518,Susan,392.56
1519,Charlena,231.42
1520,Lindie,822.03
1521,Aaren,362.85
1522,Gianina,758.9
1523,Iseabal,205.62
1524,Kathi,778.34
1525,Blondelle,788.24
1526,Johna,855.3
1527,Zaria,538.42
1528,Di,360.53
1529,Roberta,937.78
1530,Sybille,374.35
1531,Feliza,304.33
1532,Beth,172.43
1533,Estell,735.63
1534,Emmey,256.44
1535,Viki,74.12
1536,Dianemarie,22.07
1537,Chloris,328.42
1538,Hyacinthe,619.96
1539,Chastity,640.57
1540,Cristine,466.34
1541,Wendi,373.67
1542,Roseline,66.83
1543,Elena,706.45
1544,Evita,741.19
1545,Malina,661.48
1546,Nataline,457.38
1547,Sharlene,803.23
1548,Roslyn,780.29
1549,Carolina,939.37
1550,Fina,126.66
1551,Roslyn,364.92
1552,Jan,704.05
1553,Carol-Jean,413.5
1554,Henriette,839.31
1555,Netty,536.32
1556,Moyna,967.5
1557,Nessie,561.72
1558,Elvira,515.19
1559,Lory,524.98
1560,Liana,267
1561,Ivett,122.86
1562,Leanna,769.23
1563,Nyssa,374.71
1564,Sonni,990.97
1565,Merle,939.15
1566,Natka,872.95
1567,Myrtice,196.15
1568,Gerrie,608.92
1569,Brandise,798.39
1570,Imojean,881.54
1571,Elfreda,262.95
1572,Trixi,421.21
1573,Jackie,540.3
1574,Charmaine,669.27
1575,Leanna,297.92
1576,Ardeen,776.61
1577,Cristabel,507.21
1578,Kary,943.15
1579,Perry,872.03
1580,Misha,663.48
1581,Millie,103.4
1582,Stephanie,28.78
1583,Isa,685
1584,Jennica,126.37
1585,Paulita,819.97
1586,Aaren,660.09
1587,Christian,23.08
1588,Ernesta,58.8
1589,Zsa Zsa,747.25
1590,Allis,311.04
1591,Rori,558.77
1592,Charmaine,739.47
1593,Sherrie,469.49
1594,Alex,777.02
1595,Sheree,239.34
1596,Britte,82.01
1597,Jordan,555.06
1598,Rhea,781.28
1599,Lacie,794.13
1600,Cindelyn,546.83
1601,Lory,764.71
1602,Sashenka,259.07
1603,Marylou,256.28
1604,Candy,988.34
1605,Shaine,323.28
1606,Berget,698.96
1607,Ann-Marie,126.23
1608,Cyb,432.93
1609,Bibby,309.82
1610,Farrah,351.78
1611,Feliza,448.68
1612,Sharai,145.92
1613,Andeee,842.45
1614,Margalo,388.8
1615,Reeba,67.09
1616,Susan,970.24
1617,Katleen,961.24
1618,Dacia,809.14
1619,Tressa,820.27
1620,Marinna,226.61
1621,Vonny,85.67
1622,Lucille,175.83
1623,Jan,877.17
1624,Melina,648.5
1625,Gilligan,9.59
1626,Vevay,221.34
1627,Sophia,599.22
1628,Nananne,553.15
1629,Marti,534.15
1630,Merrie,963.5
1631,Trudie,159.97
1632,Lucille,951.59
1633,Ira,292.51
1634,Carmela,308.3
1635,Noelle,643.63
1636,Marita,486.57
1637,Lacie,466.3
1638,Tomasina,672.56
1639,Tressa,377.27
1640,Alleen,435.65
1641,Olivette,756.14
1642,Gusty,646.49
1643,Cissiee,277.9
1644,Frances,871.42
1645,Hope,449.59
1646,Leona,891.38
1647,Perry,334.37
1648,Blondelle,305.1
1649,Aili,623.66
1650,Letizia,482.69
1651,Louella,704.05
1652,Kylynn,298.94
1653,Tobe,843.01
1654,Tressa,303.06
1655,Codie,657.36
1656,Wendi,380.28
1657,Hayley,294.58
1658,Nikki,314.41
1659,Eolanda,131.35
1660,Correy,584.75
1661,Edee,741.68
1662,Jackie,403.96
1663,Cecile,479.28
1664,Dede,10.84
1665,Ida,435.88
1666,Mathilda,958.54
1667,Cathie,507.59
1668,Julieta,319.33
1669,Shaylyn,444.15
1670,Shaylyn,186.14
1671,Perry,702.14
1672,Claudina,165.39
1673,Nickie,263.27
1674,Madalyn,967.57
1675,Ellette,362.83
1676,Elena,682.94
1677,Lanae,243.62
1678,Maye,976.97
1679,Lindie,216.77
1680,Dacia,886.94
1681,Patricia,68.62
1682,Mariele,504.4
1683,Nicoli,242.68
1684,Libbie,377.91
1685,Vonny,711.56
1686,Jessamyn,829.55
1687,Tierney,997.81
1688,Jenda,877.65
1689,Jany,176.27
1690,Ardeen,453.61
1691,Shel,421.44
1692,Sharlene,887.63
1693,Nollie,187.61
1694,Louella,565.56
1695,Hyacinthe,700.74
1696,Concettina,876.4
1697,Isa,539.9
1698,Sheree,870.95
1699,Morganica,82
1700,Jobi,166.12
1701,Tobe,74.5
1702,Dorothy,837.52
1703,Meriel,352.08
1704,Cindelyn,549.38
1705,Valera,390.96
1706,Hettie,773.68
1707,Miquela,142.98
1708,Edyth,769.51
1709,Renie,148.69
1710,Corina,759.1
1711,Trixi,925.5
1712,Aaren,648.36
1713,Esmeralda,479.54
1714,Roxane,943.48
1715,Andeee,404.18
1716,Katuscha,743.54
1717,Blinni,843.11
1718,Lisette,303.22
1719,Eugine,268.09
1720,Flo,436.25
1721,Georgina,147.94
1722,Di,463.64
1723,Hallie,442.25
1724,Inga,860.51
1725,Anallese,895.12
1726,Roz,986.17
1727,Gilligan,180.19
1728,Ricky,126.93
1729,Alexine,155.07
1730,Tonia,474.05
1731,Codie,715.25
1732,Sean,389.34
1733,Orsola,107.75
1734,Ardeen,731.69
1735,Elise,943.76
1736,Dawn,362.05
1737,Maye,753.85
1738,Ruthe,903.99
1739,Renae,703.1
1740,Ann-Marie,991.57
1741,Daphne,538.37
1742,Genevra,609.94
1743,Maridel,693.79
1744,Fredericka,702.27
1745,Laurene,423
1746,Kathy,260.8
1747,Claudina,758.91
1748,Joy,645.94
1749,Sissy,769.07
1750,Ketti,800.06
1751,Natka,129.5
1752,Oralee,726.27
1753,Orelia,444.19
1754,Roxane,576.4
1755,Jessamyn,514.11
1756,Carilyn,158.44
1757,Bernie,317.64
1758,Susette,524.64
1759,Jennica,841.7
1760,Alexine,11.21
1761,Anica,798.78
1762,Georgina,270.36
1763,Orsola,379.48
1764,Jenilee,107.03
1765,Sarette,200.51
1766,Ginnie,736.52
1767,Nananne,323.59
1768,Anthia,523
1769,Natka,215.51
1770,Mariele,158.58
1771,Donetta,119.37
1772,Mildrid,694.86
1773,Raquela,132.39
1774,Phylis,405.23
1775,Selia,525.98
1776,Hettie,296.81
1777,Benita,493.06
1778,Amelia,732.87
1779,Dede,747.75
1780,Audrie,561.91
1781,Zaria,138.76
1782,Laurene,378.1
1783,Deloria,645.55
1784,Lanna,776.59
1785,Averyl,989.1
1786,Susette,323.87
1787,Nanete,239.44
1788,Annabela,252.39
1789,Amara,438.64
1790,Karlee,45.68
1791,Cecile,102.76
1792,Corly,994.19
1793,Sean,950.56
1794,Alie,704.18
1795,Catharine,334.57
1796,Kellen,376.95
1797,Dania,952.6
1798,Lory,213.51
1799,Mahalia,914.3
1800,Tami,611.71
1801,Di,381.82
1802,Dale,246.17
1803,Neila,903.82
1804,Karolina,472.78
1805,Leia,142.69
1806,Kate,960.29
1807,Daune,239.42
1808,Helena,243.52
1809,Bertine,707.11
1810,Marsiella,677.59
1811,Gerrie,513.55
1812,Eugine,837.78
1813,Cacilie,957.79
1814,Sallie,578.42
1815,Kaia,153.48
1816,Collen,638.16
1817,Carree,639.48
1818,Ethel,493.48
1819,Jolyn,179.23
1820,Lizzie,645.52
1821,Nessie,718.07
1822,Willetta,754.97
1823,Marti,265.75
1824,Alexine,821.1
1825,Marita,918.19
1826,Bertine,262.63
1827,Shel,586.2
1828,Corina,975.12
1829,Madeleine,493.07
1830,Jenilee,263.77
1831,Nariko,258.75
1832,Kimmy,202.98
1833,Concettina,442.05
1834,Nickie,697.17
1835,Adele,51.32
1836,Candi,791.03
1837,Donnie,433.03
1838,Alameda,42.46
1839,Gui,565.49
1840,Binny,748.64
1841,Minne,889.8
1842,Aili,193.44
1843,Sophia,120.7
1844,Cherrita,870.32
1845,Sean,751.91
1846,Robinia,183.69
1847,Aigneis,508.15
1848,Gavrielle,37.73
1849,Olwen,956.95
1850,Rebeca,340.71
1851,Alexine,487.24
1852,Corene,594.52
1853,Joceline,742.94
1854,Eugine,569.02
1855,Zia,654.25
1856,Roseline,526.73
1857,Dagmar,331.73
1858,Leona,359.68
1859,Giustina,843.09
1860,Neila,958.35
1861,Leia,633.54
1862,Allis,440.03
1863,Danika,275.6
1864,Jenilee,523.14
1865,Gusty,254.07
1866,Adriana,349.07
1867,Ottilie,222.52
1868,Marsiella,185.77
1869,Sam,907.15
1870,Marylou,180.5
1871,Rosaline,56.38
1872,Cristabel,427.13
1873,Jan,852.52
1874,Wileen,483.58
1875,Dolli,922.8
1876,Viki,591.11
1877,Xylina,133.86
1878,Nananne,737.13
1879,Mariele,12.84
1880,Heida,991.79
1881,Raquela,449.76
1882,Ursulina,222.7
1883,Darci,787.16
1884,Courtnay,166
1885,Kirbee,786
1886,Elora,995.08
1887,Annabela,122.03
1888,Meghann,912.66
1889,Jemie,995.05
1890,Dione,547.17
1891,Clarice,654.33
1892,Chickie,793.69
1893,Aili,782.95
1894,Charissa,881.67
1895,Kara-Lynn,613.06
1896,Liana,101.48
1897,Sophia,951.18
1898,Teddie,312.28
1899,Brana,667.05
1900,Tera,356.82
1901,Micheline,106.93
1902,Marylou,138.29
1903,Cassondra,219.08
1904,Dulcinea,224.1
1905,Monika,164.93
1906,Claresta,6.81
1907,Danika,882.05
1908,Cathie,27.09
1909,Corene,447.05
1910,Krystle,893.98
1911,Elbertina,404.05
1912,Phedra,91.54
1913,Perry,210.32
1914,Jany,122.61
1915,Kamilah,808.31
1916,Wileen,600.14
1917,Chandra,329.11
1918,Lita,532.75
1919,Janeczka,790.48
1920,Aryn,918.7
1921,Tori,40.01
1922,Barbara,93.92
1923,Demetris,744.32
1924,Susan,384.73
1925,Flory,288.18
1926,Genevra,247.23
1927,Marinna,312.8
1928,Katuscha,269.92
1929,Darci,477.95
1930,Roberta,559.45
1931,Chandra,803.84
1932,Micheline,359.84
1933,Ekaterina,594.1
1934,Bettine,580.71
1935,Lanna,760.98
1936,Dagmar,221.11
1937,Katuscha,215.44
1938,Alia,526.02
1939,Theodora,907.08
1940,Isa,654.05
1941,Vere,436.55
1942,Philis,217.41
1943,Fawne,654.56
1944,Violet,471.92
1945,Brandise,542.22
1946,Dode,542.01
1947,Leanna,394.15
1948,Sam,726.97
1949,Michaelina,27.31
1950,Edee,414.05
1951,Edith,328.21
1952,Tarra,58.61
1953,Leeanne,357.45
1954,Misha,190.79
1955,Justinn,675.85
1956,Ninnetta,979.27
1957,Michaelina,131.9
1958,Sibella,256.32
1959,Belinda,201.36
1960,Dianemarie,753.21
1961,Dacia,902.73
1962,Madeleine,23.5
1963,Madalyn,124.88
1964,Mary,815.33
1965,Livvyy,184.47
1966,Jsandye,765.91
1967,Atlanta,857.58
1968,Adele,765.87
1969,Rhoda,522.83
1970,Ardenia,735.87
1971,Amii,176.45
1972,Chastity,680.03
1973,Ronna,72.88
1974,Bernardine,214.68
1975,Aeriela,427.48
1976,Sophia,731.37
1977,Mamie,878.37
1978,Bernardine,532.58
1979,Gretal,343.33
1980,Mariann,9.39
1981,Gratia,434.45
1982,Elena,374.48
1983,Evita,173.77
1984,Ira,820.05
1985,Lila,898.05
1986,Dorice,908.38
1987,Paule,505.97
1988,Orelia,473.7
1989,Joeann,16.75
1990,Sonni,808.9
1991,Loree,709.63
1992,Ivett,870.31
1993,Codie,350.89
1994,Randa,521.34
1995,Dagmar,912.21
1996,Lorenza,275.62
1997,Leanna,161.04
1998,Lyssa,371.71
1999,Bee,686.49
2000,Vere,548.14
2001,Lolita,956.12
2002,Merle,160.1
2003,Cindelyn,145.52
2004,Doralynne,655.29
2005,Cristine,469.19
2006,Ebonee,142.1
2007,Jacquetta,480.53
2008,Vere,174.76
2009,Cam,953.14
2010,Lusa,365.82
2011,Adele,389.81
2012,Elie,887.77
2013,Hollie,958.18
2014,Jennica,58.33
2015,Frieda,933.09
2016,Leona,816.29
2017,Marti,336.29
2018,Tobe,750.14
2019,Camile,226.62
2020,Deloria,403.92
2021,Hyacinthe,691.07
2022,Shandie,701.99
2023,Wendi,594.84
2024,Elie,994.52
2025,Tersina,672.25
2026,Oona,582.81
2027,Emma,817.91
2028,Winifred,935.93
2029,Anthia,933.39
2030,Carolina,73.07
2031,Cherrita,286.39
2032,Andree,467.83
2033,Edee,817.52
2034,Frieda,519.77
2035,Janeczka,909.81
2036,Fredericka,639.8
2037,Lyssa,650.25
2038,Teddie,263.96
2039,Roslyn,433.23
2040,Jany,441.9
2041,Fredericka,931.58
2042,Farrah,442.66
2043,Iseabal,222
2044,Janis,602.42
2045,Lizzie,191.56
2046,Riannon,705.66
2047,Ekaterina,566.93
2048,Jerry,26.36
2049,Elie,426.27
2050,Quintina,278.56
2051,Cathie,10.71
2052,Kore,239.6
2053,Ada,37.9
2054,Collen,835.85
2055,Cherilyn,920.9
2056,Roslyn,541.71
2057,Florencia,987.98
2058,Estell,937.03
2059,Therine,663.63
2060,Gwyneth,970.58
2061,Lorenza,706.03
2062,Belva,465.8
2063,Nonnah,323.72
2064,Fayre,637.67
2065,Mary,857.49
2066,Millie,62.31
2067,Dianemarie,857.84
2068,Kelly,432.33
2069,Rubie,543.21
2070,Elka,424.13
2071,Annora,943.12
2072,Edith,830.25
2073,Blondelle,793.61
2074,Katuscha,384.01
2075,Roberta,408.35
2076,Karly,154.55
2077,Marleah,988.13
2078,Tori,803.83
2079,Keelia,690.45
2080,Ricky,999.89
2081,Emelina,584.38
2082,Korrie,543.51
2083,Audrie,373.75
2084,Rhoda,349.48
2085,Shel,106.61
2086,Sibella,997.24
2087,Ashlee,237.74
2088,Joeann,491.48
2089,Ardenia,908.77
2090,Lory,650.28
2091,Cyb,259.13
2092,Althea,96.96
2093,Elfreda,82.52
2094,Britni,833.44
2095,Aurore,66.58
2096,Ofilia,996.97
2097,Gertrud,622.8
2098,Tera,864.15
2099,Therine,900.76
2100,Starla,357.32
2101,Chastity,439.88
2102,Sidoney,648.91
2103,Eadie,339.25
2104,Emma,400.43
2105,Alisha,342.51
2106,Darlleen,634.96
2107,Evita,607.29
2108,Marika,822.39
2109,Ursulina,978.44
2110,Yolane,680.77
2111,Marguerite,207.44
2112,Madeleine,562.14
2113,Theodora,444.04
2114,Fanny,340.51
2115,Rivalee,154.47
2116,Nannie,369.64
2117,Brooks,869.73
2118,Mamie,281.79
2119,Emelina,389.88
2120,Phedra,172.22
2121,Arabel,738.02
2122,Kittie,384.19
2123,Olivette,686.63
2124,Rosabelle,282.84
2125,Eolanda,312.71
2126,Romona,459.71
2127,Rosabelle,977.51
2128,Audrie,355.37
2129,Gerrie,622.85
2130,Aimil,415.54
2131,Kimmy,815.04
2132,Meghann,721.09
2133,Roxane,451.88
2134,Natka,650.88
2135,Lizzie,481.78
2136,Taffy,472.59
2137,Dominga,228.91
2138,Ezmeralda,911.67
2139,Mady,694.64
2140,Dode,331.81
2141,Mellicent,708.4
2142,Carol-Jean,68.01
2143,Celene,819.81
2144,Mallory,251.25
2145,Jessamyn,645.08
2146,Roz,877
2147,Demetris,640.78
2148,Anthia,633.59
2149,Grier,728.24
2150,Dione,303.86
2151,Debee,343.91
2152,Celestyna,999.84
2153,Allis,418.82
2154,Kirstin,256.73
2155,Gusella,756.96
2156,Jaclyn,74.57
2157,Zondra,982.13
2158,Ezmeralda,140.78
2159,Chrystel,201.32
2160,Gerianna,91.99
2161,Ermengarde,939.28
2162,Aigneis,322.95
2163,Olivette,761.35
2164,Kore,164.78
2165,Julieta,665.11
2166,Dede,150.74
2167,Rosabelle,624.72
2168,Flory,392.3
2169,Winny,143.39
2170,Paule,492.36
2171,Sharai,469.13
2172,Dode,320.93
2173,Delilah,544.83
2174,Jordan,332.93
2175,Kore,859.25
2176,Beth,60.3
2177,Leona,481.78
2178,Flo,627.42
2179,Dominga,144.2
2180,Jasmina,865.25
2181,Anica,509.95
2182,Jobi,254.85
2183,Kristan,723.89
2184,Nessie,244.21
2185,Wanda,129.22
2186,Kirstin,566.42
2187,Gianina,26.75
2188,Marsiella,937.1
2189,Dorice,732.92
2190,Starla,913.75
2191,Valeda,705.3
2192,Kristan,357.91
2193,Theodora,317.93
2194,Ginnie,758.57
2195,Norine,116.85
2196,Catrina,939.01
2197,Melanie,345.59
2198,Linzy,411.93
2199,Claresta,677.67
2200,Deloria,689.58
2201,Lusa,844.67
2202,Nadine,761.53
2203,Kate,347.07
2204,Barbara,733.84
2205,Chere,328.37
2206,Georgetta,896.51
2207,Xylina,255.64
2208,Celene,125.65
2209,Lindie,650.23
2210,Edith,600.12
2211,Trudie,38.64
2212,Sallie,600.03
2213,Caressa,779.85
2214,Cissiee,932.34
2215,Jennica,412.85
2216,Caritta,902.22
2217,Sean,731.27
2218,Carol-Jean,599.9
2219,Roseline,824.37
2220,Ethel,446.79
2221,Lisette,212.77
2222,Chastity,2.13
2223,Dominga,916.41
2224,Rhoda,206.98
2225,Jolyn,923.85
2226,Rivalee,326.81
2227,Zaria,60.23
2228,Bobinette,777.07
2229,Gaylene,271.58
2230,Bobbi,772.18
2231,Carilyn,447.29
2232,Angela,531.6
2233,Daphne,433.7
2234,Cathie,679.18
2235,Frances,581.62
2236,Wileen,241.87
2237,Marita,690.31
2238,Katleen,282.11
2239,Lindie,447.66
2240,Nita,484.7
2241,Marleah,206.99
2242,Grier,613.47
2243,Aili,40.22
2244,Courtnay,127.77
2245,Dede,255.81
2246,Carlie,795.83
2247,Thalia,170.21
2248,Latisha,890.94
2249,Liana,769.9
2250,Andree,134.44
2251,Halette,799.22
2252,Sam,38.89
2253,Ofilia,639.7
2254,Lily,458.51
2255,Genevra,110.54
2256,Winny,390.6
2257,Imojean,676.44
2258,Drucie,37.42
2259,Antonietta,323.22
2260,Florencia,166.08
2261,June,617.48
2262,Hyacinthe,600.91
2263,Drucie,332.01
2264,Bee,625.12
2265,Cristine,271.15
2266,Averyl,897.07
2267,Mara,782.04
2268,Catrina,253.58
2269,Sharai,148.9
2270,Britte,129.08
2271,Jacquetta,999.64
2272,Yetty,45.35
2273,Rubie,542.42
2274,Nadine,582.03
2275,Florie,289.15
2276,Joeann,796.77
2277,Kirbee,595.48
2278,Alexine,299.49
2279,Karina,86.7
2280,Laurene,554.62
2281,Dorice,478.55
2282,Morganica,460.24
2283,Misha,78.01
2284,Ada,481.89
2285,Ernesta,262.17
2286,Berta,293.27
2287,Rhoda,864.68
2288,Brianna,465.38
2289,Cherilyn,993.27
2290,Catharine,606.92
2291,Merci,507.56
2292,Esmeralda,503.5
2293,Frieda,425.96
2294,Adelle,433.94
2295,Ninnetta,424.71
2296,Corene,464.72
2297,Rozele,406.36
2298,Elfreda,743.1
2299,Helsa,722.91
2300,Kelly,853.92
2301,Alia,687.49
2302,Ellette,782.57
2303,Jeanna,872.94
2304,Gerrie,819.59
2305,Kathi,340.79
2306,Sallie,483.43
2307,Jordan,866.99
2308,Kristina,273.97
2309,Viviene,544.12
2310,Frank,252.64
2311,Edyth,947.9
2312,Kerrin,839.4
2313,Corry,26.01
2314,Jacenta,956.24
2315,Angela,232.7
2316,Cecile,49.97
2317,Lusa,133.91
2318,Jerry,32.77
2319,Adelle,212.21
2320,Olwen,937.77
2321,Taffy,466.56
2322,Monika,331.44
2323,Damaris,735.53
2324,Frieda,219.49
2325,Dede,483.11
2326,Chickie,453.9
2327,Joleen,664.08
2328,Darlleen,893.65
2329,Lelah,463.92
2330,Melanie,768.74
2331,Nananne,267.51
2332,Bertine,876.44
2333,Jackie,981.34
2334,Fidelia,846.58
2335,Dari,216.52
2336,Gertrud,323.76
2337,Carmela,441.7
2338,Adele,761.96
2339,Correy,874.95
2340,Gilda,404.83
2341,Misha,66.38
2342,Trudie,149.13
2343,Lorne,494.09
2344,Ethel,351.71
2345,Estell,538.32
2346,Ofilia,565.98
2347,Dyann,426.88
2348,Sybille,152.82
2349,Claudina,321.68
2350,Ada,690.44
2351,Sean,633.18
2352,Neila,817.27
2353,Gabriellia,20.88
2354,Leontine,742.76
2355,Augustine,216.95
2356,Cyb,422.2
2357,Codie,969.89
2358,Agathe,122.19
2359,Dorice,12.17
2360,Cathyleen,313.52
2361,Dania,541.73
2362,Fred,567.46
2363,Jemie,848.01
2364,Hallie,581.65
2365,Laurene,220.94
2366,Melina,706.94
2367,Katuscha,866.35
2368,Paule,612.51
2369,Nelle,961.52
2370,Genevra,10.3
2371,Jacquetta,894.4
2372,Odessa,991.39
2373,Cathyleen,813.14
2374,Vita,929.06
2375,Ruthe,336.61
2376,Joceline,609.69
2377,Clary,846.27
2378,Ira,971.06
2379,Philis,623.1
2380,Petronia,910.52
2381,Florencia,502.27
2382,Grier,86.13
2383,Sam,186.7
2384,Florie,755.14
2385,Lulita,602.62
2386,Suzette,114.51
2387,Larine,32.39
2388,Lyssa,486.73
2389,Ethel,605.74
2390,Ardeen,256.87
2391,Tamqrah,528.93
2392,Christian,78.76
2393,Shauna,388.33
2394,Gianina,513.43
2395,Micheline,286.9
2396,Libbie,925.33
2397,Melisent,200.12
2398,Cherrita,393.82
2399,Dagmar,411.31
2400,Ulrike,753.45
2401,Gusty,842.63
2402,Vonny,732.09
2403,Aimil,396.03
2404,Wilma,962.75
2405,Lolita,7.14
2406,Shandie,164.1
2407,Maridel,404.96
2408,Kassey,910.38
2409,Tani,791.13
2410,Modestia,160.77
2411,Georgina,46.68
2412,Ekaterina,189.84
2413,Nonnah,154.13
2414,Eve,749.52
2415,Gabi,875.04
2416,Adriana,775.23
2417,Katuscha,824.69
2418,Mireielle,246.12
2419,Myrtice,708.46
2420,Brena,374.17
2421,Celisse,970.47
2422,Coral,680.79
2423,Fredericka,787.18
2424,Camile,445.83
2425,Modestia,107.46
2426,Beatriz,470.11
2427,Lolita,267.25
2428,Gretal,877.91
2429,Natka,641.86
2430,Ileana,447.99
2431,Cathyleen,685.47
2432,Inga,628.25
2433,Beverley,635.16
2434,Karena,995.48
2435,Sarette,232.32
2436,Annora,326.12
2437,Joeann,99.87
2438,Nonnah,223.03
2439,Nita,609.09
2440,Larine,445.12
2441,Sheelagh,38.2
2442,Joane,28.36
2443,Celestyna,913.14
2444,Daune,794.46
2445,Meriel,987.88
2446,Ashlee,288.36
2447,Bettine,677.31
2448,Dominga,567.5
2449,Cindelyn,935.04
2450,Roz,240.34
2451,Farrah,399.89
2452,Brooks,404.32
2453,Elfreda,946.2
2454,Kylynn,236.15
2455,Alex,782.85
2456,Elvira,959.11
2457,Larine,187.79
2458,Ninnetta,98.92
2459,Millie,368.04
2460,Melanie,658.03
2461,Dorothy,892.53
2462,Dyann,583.11
2463,Inga,25.24
2464,Jordan,771.33
2465,Diena,883.88
2466,Wanda,229.92
2467,Farrah,836.61
2468,Glynnis,813.86
2469,Katharina,559.51
2470,Jerry,243.27
2471,Courtnay,100.85
2472,Cristine,954.8
2473,Ericka,704.03
2474,Marguerite,930.43
2475,Merry,638.58
2476,Agathe,205.83
2477,Tracey,183.68
2478,Elena,254.1
2479,Priscilla,91.56
2480,Ivett,673.63
2481,Annabela,647.92
2482,Tarra,368.48
2483,Elvira,798.57
2484,Xylina,263.59
2485,Magdalena,360.43
2486,Raf,533.77
2487,Catrina,206.4
2488,Ardenia,547.47
2489,Estell,42.27
2490,Aimil,801.25
2491,Adele,905.75
2492,Paulita,342.68
2493,Karena,802.89
2494,Celene,991.94
2495,June,945.05
2496,Esmeralda,46.2
2497,Annaliese,529.67
2498,Ottilie,227.88
2499,Brietta,803.01
2500,Louella,513.38
2501,Esmeralda,596.31
2502,Donnie,218.29
2503,Averyl,785.01
2504,Kerrin,144.59
2505,Flo,619.36
2506,Odessa,667.74
2507,Noelle,398.74
2508,Gerrie,992.92
2509,Myriam,293.92
2510,Elvira,965.91
2511,Veda,355.34
2512,Fidelia,477.71
2513,Christal,155.16
2514,Elena,340.65
2515,Barbi,72.63
2516,Addia,685.76
2517,Peri,111.49
2518,Sam,35.18
2519,Consuela,755.66
2520,Isa,619.53
2521,Felice,503.96
2522,Kalina,257.74
2523,Lindie,327.71
2524,Nollie,22.88
2525,Alejandra,459.44
2526,Therine,658.75
2527,Libbie,738.12
2528,Annora,429.42
2529,Tera,661.69
2530,Jennica,212.81
2531,Loree,172.32
2532,Cordi,668.94
2533,Ronna,814.35
2534,Lexine,162.15
2535,Sissy,728.65
2536,Dulcinea,431.91
2537,Lulita,36.81
2538,Madeleine,579.33
2539,Libbie,638.79
2540,June,694.03
2541,Drucie,945.47
2542,Dorene,238.32
2543,Amii,182.76
2544,Nita,831.9
2545,Evita,481.36
2546,Raf,34.67
2547,Wynne,447.67
2548,Lorenza,418.01
2549,Edee,333.45
2550,Correy,839.48
2551,Nerta,810.04
2552,Meghann,283.74
2553,Charlena,79.94
2554,Jenilee,342
2555,Vonny,662.33
2556,Kara-Lynn,749.79
2557,Aili,113.04
2558,Orsola,406.02
2559,Molli,839.02
2560,Goldie,927.38
2561,Celestyna,383.48
2562,Jerry,571.28
2563,Nannie,671.31
2564,Tina,665.75
2565,Edith,490.44
2566,Bibby,633.58
2567,Kaia,568.11
2568,Alex,970.46
2569,Christy,218.83
2570,Kara-Lynn,324.61
2571,Tatiania,921.81
2572,Kirstin,33.06
2573,Caressa,289.06
2574,Berta,458.4
2575,Sandie,519.51
2576,Natka,708.64
2577,Janeczka,140.63
2578,Allis,681.75
2579,Shel,633.07
2580,Jobi,34.66
2581,Cristabel,371.54
2582,Loree,27.96
2583,Josephine,256.73
2584,Frieda,923.06
2585,Henriette,585.82
2586,Elfreda,460.97
2587,Kathi,140.37
2588,Nicoli,743.31
2589,Tierney,558.74
2590,Queenie,644.81
2591,Janenna,139.04
2592,Romona,438.92
2593,Robbi,597.79
2594,Aryn,586.81
2595,Phedra,973.06
2596,Donnie,886.2
2597,Georgetta,621.7
2598,Vonny,18.78
2599,Kerrin,243.15
2600,Georgina,818.78
2601,Constance,283.47
2602,Hallie,576.69
2603,Rubie,207.3
2604,Taffy,389.21
2605,Shauna,444.57
2606,Kara-Lynn,792.02
2607,Selma,945.23
2608,Hettie,571.84
2609,Ellette,2.58
2610,Rosanne,729.97
2611,Carlie,396.47
2612,Bernardine,913.8
2613,Almeta,778.27
2614,Lynea,572.41
2615,Lolita,128.22
2616,Lanna,507.33
2617,Lilith,896.74
2618,Gretal,766.35
2619,Roseline,706.96
2620,Adele,344.14
2621,Tracey,715.63
2622,Roberta,172.11
2623,Ebonee,499.05
2624,Kaja,963.16
2625,Harmonia,518.49
2626,Sharlene,200.45
2627,Raf,625.6
2628,Raina,89.19
2629,Tabbatha,165.47
2630,Edee,600.29
2631,Lila,186.27
2632,Kylynn,600.86
2633,Helena,50.57
2634,Sharlene,341.26
2635,Rivalee,360.02
2636,Veda,851.25
2637,Ariela,379.86
2638,Cristine,451.69
2639,Josephine,541.83
2640,Anallese,35.52
2641,Angela,191.56
2642,Keelia,622.14
2643,Celene,333.61
2644,Mathilda,603.03
2645,Rozele,839.74
2646,Estell,432
2647,Zia,727.43
2648,Clo,675.4
2649,Yolane,703.18
2650,Caritta,476.41
2651,Tera,299.68
2652,Dorice,795.48
2653,Annaliese,570.36
2654,Barbi,16.68
2655,Britni,372.39
2656,Myriam,152.58
2657,Dorice,599.43
2658,Josephine,89.84
2659,Teriann,894.5
2660,Diena,537.32
2661,Lonnie,870.36
2662,Perry,409.28
2663,Bobbi,687.83
2664,Gusty,390.7
2665,Sabina,406.39
2666,Riannon,618.64
2667,Marleah,496.1
2668,Gratia,480.31
2669,Bettine,570.43
2670,Carol-Jean,407.9
2671,Zia,244.88
2672,Jean,803.96
2673,Shandie,440.15
2674,Mariele,524.2
2675,Dione,67.69
2676,Gretal,813.76
2677,Betta,84.54
2678,Tressa,822.48
2679,Gwyneth,635.52
2680,Dennie,739.88
2681,Coral,706.86
2682,Nananne,443.63
2683,Darlleen,689.49
2684,Alejandra,604.09
2685,Georgetta,73.53
2686,Blake,392.35
2687,Ingrid,951.39
2688,Christian,3.56
2689,Suzette,323.52
2690,Keelia,131.94
2691,Rozele,341.52
2692,Orsola,648.84
2693,Orsola,162.46
2694,Jere,371.62
2695,Karolina,511.83
2696,Josephine,995.93
2697,Siana,50.98
2698,Gilligan,627.25
2699,Dorice,325.58
2700,Nicoli,520.82
2701,Helena,629.34
2702,Coral,455.9
2703,Jasmina,107.19
2704,June,260.21
2705,Kaja,932.76
2706,Jobi,919.67
2707,Melodie,181.68
2708,Sybille,329.26
2709,Olivette,63.83
2710,Therine,572.98
2711,Mariann,606.4
2712,Dale,709.47
2713,Imojean,647.25
2714,Eadie,92.28
2715,Goldie,491.35
2716,Mathilda,447.78
2717,Dulce,689.42
2718,Rosaline,639.16
2719,Calla,569.19
2720,Kenna,27.68
2721,Tatiania,231.99
2722,Brandise,822.86
2723,Raquela,991.79
2724,Maisey,167.27
2725,Keelia,150.73
2726,Zondra,408.36
2727,Jemie,286.6
2728,Ebonee,750.17
2729,Laurene,945.44
2730,Ira,23.25
2731,Michaelina,662.35
2732,Binny,724.44
2733,Fawne,262.02
2734,Alleen,806.75
2735,Carolina,9.3
2736,Andree,307.89
2737,Chrystel,869.91
2738,Lisette,683.75
2739,Petronia,112.85
2740,Jacquetta,997.54
2741,Alisha,615.26
2742,Ayn,41.73
2743,Lorie,716.86
2744,Kittie,380.52
2745,Korrie,926.83
2746,Tabbatha,903.21
2747,Bernardine,618.58
2748,Netty,24.26
2749,Nataline,957.05
2750,Dorice,405.55
2751,Calla,454.02
2752,Hollie,915.23
2753,Rivalee,57.32
2754,Ardeen,120.49
2755,Collen,982.33
2756,Aimil,466.16
2757,Bobinette,33.77
2758,Gisela,260.03
2759,Gaylene,67.59
2760,Sarette,31.07
2761,Hermione,403.22
2762,Yetty,549.7
2763,Chickie,37.84
2764,Sabina,300.62
2765,Kaia,606.61
2766,Clarice,699.97
2767,Eadie,317.28
2768,Beverley,990.22
2769,Cyndie,376.34
2770,Glenda,186.9
2771,Ardys,662.24
2772,Ofilia,600.13
2773,Fanchon,964.39
2774,Sherrie,571.98
2775,Candy,528.26
2776,Ana,505.9
2777,Christal,832.02
2778,Kittie,249.01
2779,Shaylyn,293.29
2780,Caryl,231.9
2781,Renie,121.32
2782,Sherrie,408.86
2783,Glynnis,470.52
2784,Ericka,424.59
2785,Louella,191.95
2786,Kassey,482.93
2787,Georgetta,134.97
2788,Candi,622.44
2789,Ericka,769.16
2790,Amalie,572.83
2791,Mellicent,451.14
2792,Mallory,816.48
2793,Betta,731.61
2794,Wendi,711.93
2795,Dede,36.69
2796,Chickie,715.82
2797,Donnie,927.97
2798,Marnia,603.18
2799,Celene,195.91
2800,Grier,958.57
2801,Tracey,505.22
2802,Edith,420.4
2803,Vivia,666.39
2804,Alia,300.29
2805,Minda,604.95
2806,Kalina,68
2807,Tabbatha,66.79
2808,Celene,782.35
2809,Damaris,722.53
2810,Caressa,351.79
2811,Eve,902
2812,Lexine,123.86
2813,Kimberley,94.52
2814,Jaclyn,654.36
2815,Dode,69.42
2816,Sibella,29.15
2817,Lorne,569.92
2818,Joelly,634.97
2819,Aigneis,986.51
2820,Talya,882.89
2821,Lucille,893.85
2822,Jerry,415.49
2823,Lynde,535.19
2824,Justinn,562.68
2825,Selia,508.18
2826,Kalina,959.01
2827,Belva,887.9
2828,Jerry,728.38
2829,Merle,761.35
2830,Heddie,973.94
2831,Miquela,844.44
2832,Melodie,849.04
2833,Kate,879.99
2834,Brianna,6.17
2835,Sheelagh,969.81
2836,Jessamyn,245.39
2837,Ira,830
2838,Renae,462.59
2839,Gloria,205.91
2840,Dode,124.1
2841,Cherilyn,553.79
2842,Nikki,537.27
2843,Paulita,897.59
2844,Tybie,219.48
2845,Estell,466.95
2846,Miquela,290.16
2847,Janis,778.94
2848,Rosabelle,972
2849,Lily,977.87
2850,Shannah,375.9
2851,Alameda,116.98
2852,Peri,979.45
2853,Corly,350.52
2854,Charmaine,335.95
2855,Trixi,330.38
2856,Winny,326.51
2857,Daryl,540.87
2858,Clarice,412.1
2859,Ilse,439.36
2860,Cecile,336.82
2861,Estell,760.19
2862,Annecorinne,247.53
2863,Jobi,193.56
2864,Caritta,440.47
2865,Leona,600.58
2866,Leeanne,108.37
2867,Cherrita,751.02
2868,Adele,18.71
2869,Stephanie,62.03
2870,Donnie,685.13
2871,Jan,829.5
2872,Amara,475.21
2873,Gianina,528.28
2874,Estell,50.99
2875,Fernande,390.06
2876,Shaine,701.26
2877,Kate,77.08
2878,Britte,152.5
2879,Cyndie,301.29
2880,Kary,65.21
2881,Evita,954.47
2882,Cassondra,969.75
2883,Celisse,466.5
2884,Fred,272.08
2885,Penelopa,559.39
2886,Ariela,357.1
2887,Trudie,98.38
2888,Chickie,30.17
2889,Beverley,616.23
2890,Charmaine,162.66
2891,Lanae,999.61
2892,Caressa,325.15
2893,Leeanne,667.5
2894,Bettine,613.25
2895,Ada,374.69
2896,Codie,441.28
2897,Willetta,918.26
2898,June,785.81
2899,Joceline,883.71
2900,Arabel,675.4
2901,Georgetta,643.95
2902,Aili,314.56
2903,Claudina,317.15
2904,Brianna,994.1
2905,Wendi,283.04
2906,Dorene,463.3
2907,Ninnetta,954.79
2908,Jan,626.28
2909,Latisha,677.54
2910,Fanny,374.92
2911,Concettina,920.47
2912,Eve,69.56
2913,Estell,6.56
2914,Vere,896.22
2915,Emelina,309.99
2916,Sonni,299.91
2917,Libbie,805.58
2918,Brynna,555.32
2919,Almeta,176.58
2920,Albertina,391.11
2921,Bernie,72.15
2922,Desirae,67.22
2923,Aili,484.97
2924,Cristabel,122.27
2925,Viki,369.93
2926,Sashenka,145.47
2927,Merle,918.92
2928,Max,892.61
2929,Hope,372.26
2930,Albertina,805.74
2931,Marleah,792.05
2932,Lindie,913.46
2933,Katuscha,260.68
2934,Brana,865.97
2935,Lyssa,967.38
2936,Penelopa,221.83
2937,Tomasina,499.29
2938,Asia,647.65
2939,Candy,41.58
2940,Vanessa,756.81
2941,Florencia,18
2942,Dotty,554.29
2943,Catharine,559.44
2944,Moyna,905.04
2945,Babita,374.94
2946,Aryn,383.32
2947,Almeta,281.57
2948,Babita,187.49
2949,Lusa,89.66
2950,Bee,881.41
2951,Jany,139.33
2952,Ingrid,633.71
2953,Aubrie,514.3
2954,Babita,617.36
2955,Letizia,590.84
2956,Brooks,429.93
2957,Gilligan,738.49
2958,Leona,986.55
2959,Rori,556.07
2960,Leona,162.72
2961,Etta,569.65
2962,Corina,595.65
2963,Liana,347.85
2964,Ira,656.28
2965,Lorenza,200.75
2966,Petronia,143.47
2967,Di,749.11
2968,Joceline,17.16
2969,Joy,756.97
2970,Katharina,718.03
2971,Fayre,356.29
2972,Lynnea,756.05
2973,Winny,915.6
2974,Leontine,159.75
2975,Oona,676.19
2976,Lanna,737.45
2977,Aaren,43.48
2978,Dianemarie,618.59
2979,Anallese,30.62
2980,Brianna,71.49
2981,Roberta,372.16
2982,Joane,660.17
2983,Ann-Marie,447.3
2984,Nita,705.3
2985,Joeann,462.33
2986,Charissa,843.37
2987,Asia,315.26
2988,Cyndie,857.62
2989,Adriana,994.91
2990,Jordan,407.44
2991,Magdalena,263.44
2992,Vonny,878.18
2993,Dode,471.63
2994,Tobe,255.56
2995,Brianna,539.25
2996,Tierney,914.6
2997,Annecorinne,282.61
2998,Mathilda,610.32
2999,Angelique,522.92
3000,Emmey,176.29